amfi_code,expense_ratio_percent
118632,0.85
119018,0.85
119598,0.85
120152,0.85
120465,0.85
120586,0.85
900007,1.1
900008,0.8
900009,0.85
900010,0.95
900011,1.05
900012,0.9
900013,0.95
900014,0.25
900015,1.1
900016,0.8
900017,0.85
900018,0.95
900019,1.05
900020,0.9
900021,0.95
900022,0.25
900023,1.1
900024,0.8
900025,0.85
900026,0.95
900027,1.05
900028,0.9
900029,0.95
900030,0.25
900031,1.1
900032,0.8
900033,0.85
900034,0.95
900035,1.05
900036,0.9
900037,0.95
900038,0.25
900039,1.1
900040,0.8
